clean_accuracy,adversarial_accuracy,adversarial_error_rate,robust_accuracy,CE_gaussian_noise,CE_shot_noise,CE_impulse_noise,CE_defocus_blur,CE_glass_blur,CE_motion_blur,CE_zoom_blur,CE_snow,CE_frost,CE_fog,CE_brightness,CE_contrast,CE_elastic_transform,CE_pixelate,CE_jpeg_compression,mCE,mean_corruption_accuracy,mAA,robustness_gap,relative_robustness,std_adversarial,model_arch,bottleneck_width,beta,is_baseline,failed
0.8036,0.095,0.905,0.095,2.49753247280164,2.2092104446390164,2.7428847317932443,1.8873778376021957,2.0530719325362936,2.2815935680391988,2.0339366092934563,2.1229226894255127,2.005300697331948,2.325785475668996,1.597986103797869,3.099951322015409,1.7510104169319713,1.6088309663046505,1.5824692597907495,2.119990968531477,0.660088,0.095,0.7086,0.11821801891488302,0.0,efficientnet_b0,16,0.0,True,False
0.1,0.09,0.91,0.09,5.724373381303884,6.0471709757424055,5.892260424148483,6.184660458833614,5.278830307715262,5.84984163867931,5.654968112477648,6.490963936574749,6.0867932584026345,6.391377561179115,6.5593900010627255,6.137864275805019,5.725424275611475,6.78718430692115,6.246766977588317,6.0705246594697195,0.10002399999999997,0.09,0.010000000000000009,0.8999999999999999,0.0,efficientnet_b0,16,1.0,False,True
0.8026,0.103,0.897,0.103,2.417453924636193,2.1612762944905803,2.759785715745932,1.9477126570415215,2.1763023535973045,2.431164318314125,2.1279402089948056,2.171311153398956,2.092115871881497,2.2219846874437037,1.622819486901322,3.1629018082281286,1.8458546723378244,1.7419512697341646,1.6045162399114603,2.1656727108438347,0.6522333333333333,0.103,0.6996,0.12833291801644656,0.0,efficientnet_b0,16,0.0001,False,False
0.8091,0.122,0.878,0.122,2.3432743350071794,2.1214589702446847,2.623542956560932,1.6653139250722675,1.9126059839200102,2.0689138564566045,1.7688981758573288,2.085399499553085,1.933857231029106,2.1841025811691908,1.5969788214916512,3.017104498144282,1.599876973986441,1.6017870691686482,1.5478413893930232,2.004730417803629,0.678984,0.122,0.6871,0.1507848226424422,0.0,efficientnet_b0,16,1e-05,False,False
0.8022,0.111,0.889,0.111,2.4987114005292193,2.2213681633681635,2.829291983459154,1.83305695972131,2.0169410872695925,2.2546248436430867,1.9658379883489654,2.200645142845736,2.017134853603604,2.3633636619923073,1.6461162620379977,3.1977066285648954,1.7413652340673198,1.6602751456633036,1.5862904324765403,2.1355153191727463,0.6584533333333332,0.111,0.6912,0.13836948391922213,0.0,efficientnet_b0,16,1e-06,False,False
0.8084,0.091,0.909,0.091,2.3599768436862343,2.0996343476343475,2.722634339937128,1.7451220649629147,1.897008431333937,2.1443299423827797,1.9012406679196623,2.065245262579819,1.9356822916666672,2.2696242169104983,1.5576619945267294,3.1013906935365507,1.66444297948969,1.5905122234003815,1.5295325454775672,2.03893592302966,0.6732346666666668,0.091,0.7174,0.11256803562592775,0.0,efficientnet_b0,16,1e-07,False,False
0.7476,0.1,0.9,0.1,2.4869284018572544,2.302268261982548,2.8363980757536256,2.236227000439727,2.1434680005130176,2.5947385079430063,2.37860378917132,2.4854720657816367,2.45650908480596,2.827576874721482,2.116941667015298,3.579106092455509,2.096748012689357,2.051812849431271,1.8953494696042434,2.432543210277683,0.6176773333333333,0.1,0.6476000000000001,0.1337613697164259,0.0,efficientnet_b0,16,0.1,False,False
0.7956,0.095,0.905,0.095,2.5340612833579064,2.2706109855395566,2.850601372825618,1.8065254325829003,2.2227700320775803,2.177060117250462,1.955616509966181,2.2551527114738574,2.1050833766458767,2.350103751181232,1.657091778024304,3.2405473797639273,1.7623347011275343,1.720117984598248,1.6793089477904872,2.1724657576137116,0.6541066666666666,0.095,0.7006,0.11940673705379588,0.0,efficientnet_b0,16,0.01,False,False
0.1,0.09,0.91,0.09,5.7243003886031545,6.04703584060727,5.891826763269944,6.1845810937542485,5.279120162787725,5.849420536305873,5.654826268506016,6.488521222143187,6.083468706687457,6.391177561179115,6.5568126469961685,6.137864275805019,5.724068138790549,6.78718430692115,6.246766977588317,6.069798325996346,0.10013599999999998,0.09,0.010000000000000009,0.8999999999999999,0.0,efficientnet_b0,16,10.0,False,True
0.1,0.09,0.91,0.09,5.724373381303884,6.047095218166648,5.892260424148483,6.184660458833614,5.279120162787725,5.84984163867931,5.654968112477648,6.491703531035124,6.087283004158005,6.391377561179115,6.560091288497908,6.137864275805019,5.725424275611475,6.78718430692115,6.246766977588317,6.070667641146228,0.10000666666666665,0.09,0.010000000000000009,0.8999999999999999,0.0,efficientnet_b0,16,100.0,False,True
0.8006,0.118,0.882,0.118,2.2902914231382523,2.053892213320785,2.6789423808333632,1.737882957860149,1.8516769121843364,2.1595796649844043,1.8362843885715852,2.05899479835053,2.064822472713098,2.417678955901734,1.66383784846898,3.195793886329425,1.7322027250233707,1.6753970878049826,1.5894986186731197,2.067118422277207,0.6701213333333332,0.118,0.6826,0.14738945790657007,0.0,efficientnet_b1,32,0.0,True,False
0.1,0.09,0.91,0.09,5.724373381303884,6.047068934926079,5.8915837965180256,6.184660458833614,5.27877075784418,5.84984163867931,5.654968112477648,6.491481308812903,6.087443780318781,6.391377561179115,6.559645408333777,6.137864275805019,5.72560946079666,6.78718430692115,6.246766977588317,6.070576010689231,0.10002399999999997,0.09,0.010000000000000009,0.8999999999999999,0.0,efficientnet_b1,32,1.0,False,True
0.8024,0.107,0.893,0.107,2.39137727251678,2.153582377725235,2.542138603073803,1.7828242161739911,1.9433128463714116,2.030303251488916,1.9640435206896343,2.128684724147175,2.145403943607069,2.372771273707598,1.6656195081558078,3.2155251288730327,1.7390619601339872,1.6209878060535956,1.6031877645530561,2.0865882798180726,0.668548,0.107,0.6954,0.13334995014955134,0.0,efficientnet_b1,32,0.0001,False,False
0.796,0.108,0.892,0.108,2.4623489917731143,2.2233392193392194,2.9188484182550027,1.847349319934818,1.928285493082522,2.17057115606785,2.0358722514689247,2.1430355059019655,2.078955897002772,2.3806279355387208,1.6824375264779445,3.0905081883175667,1.7918661033241172,1.7024430868838767,1.6111066937257603,2.1378397191396115,0.658764,0.108,0.6880000000000001,0.135678391959799,0.0,efficientnet_b1,32,1e-05,False,False
0.794,0.112,0.888,0.112,2.4875014218396756,2.2519220927078067,2.883095444448779,1.8923085280955754,2.3017821922760087,2.2008088762311817,2.022286813209372,2.2116317337690856,2.126132861226611,2.4524648057723124,1.6642126318968284,3.1937699067666405,1.8073410684453648,1.7098659013987967,1.6501535371441167,2.190351854348543,0.6507733333333334,0.112,0.682,0.14105793450881612,0.0,efficientnet_b1,32,1e-06,False,False
0.7994,0.101,0.899,0.101,2.5473819955399852,2.2985577312005887,2.9514728754128976,1.7896150295522837,2.1455881974010667,2.0649143010800155,1.8844429081055434,2.1625390119636307,2.014913591476091,2.357156262661698,1.646266260042384,3.2214703287018316,1.7222704930945256,1.7174311847996058,1.6754923793713101,2.146634170026897,0.6575933333333333,0.101,0.6984,0.1263447585689267,0.0,efficientnet_b1,32,1e-07,False,False
0.0997,0.09,0.91,0.09,5.725820902873999,6.049153605082177,5.893661286011962,6.186537384082632,5.281333367142698,5.851370483518765,5.657214285442746,6.492435193265233,6.087610446985448,6.391577561179115,6.560279967743192,6.139151909766224,5.7273693855585455,6.788692570100466,6.248232667407628,6.07202940107739,0.0998,0.09,0.0097,0.9027081243731193,0.0,efficientnet_b1,32,0.1,False,True
0.7939,0.131,0.869,0.131,2.548139942582151,2.3167908539337114,2.66940561496689,1.8150463748886778,1.9399681598418304,2.0722026772225792,1.9690386398610755,2.080867279514513,2.070470634095634,2.3836344259134594,1.7018985353158669,3.17094690038643,1.7424189893227156,1.668203743868218,1.6167368920496912,2.1177179775842294,0.6630986666666667,0.131,0.6629,0.16500818742914725,0.0,efficientnet_b1,32,0.01,False,False
0.1,0.09,0.91,0.09,5.724373381303884,6.0471709757424055,5.892260424148483,6.184660458833614,5.279120162787725,5.84984163867931,5.654968112477648,6.492027029999927,6.087610446985448,6.391377561179115,6.560091288497908,6.137864275805019,5.725424275611475,6.78718430692115,6.246766977588317,6.070716087770761,0.09999999999999998,0.09,0.010000000000000009,0.8999999999999999,0.0,efficientnet_b1,32,10.0,False,True
0.1,0.09,0.91,0.09,5.724373381303884,6.0471709757424055,5.892260424148483,6.184660458833614,5.279120162787725,5.84984163867931,5.654968112477648,6.492027029999927,6.087610446985448,6.391377561179115,6.560091288497908,6.137864275805019,5.725424275611475,6.78718430692115,6.246766977588317,6.070716087770761,0.09999999999999998,0.09,0.010000000000000009,0.8999999999999999,0.0,efficientnet_b1,32,100.0,False,True
0.7991,0.098,0.902,0.098,2.3360611875357997,2.1087820802106516,2.6659723096625854,1.907440785219216,1.9946387652703688,2.3502446347988997,2.0622579410879167,2.1214395171770954,1.9601716476091475,2.451663878485621,1.6244014409772063,3.2370520661795212,1.7946754780912388,1.6409548711522397,1.637360504040106,2.126207807166508,0.6604813333333334,0.098,0.7011000000000001,0.12263796771367788,0.0,efficientnet_b2,48,0.0,True,False
0.1,0.09,0.91,0.09,5.724373381303884,6.0471709757424055,5.892260424148483,6.184660458833614,5.279120162787725,5.84984163867931,5.654968112477648,6.492027029999927,6.087610446985448,6.391377561179115,6.560091288497908,6.137864275805019,5.725424275611475,6.78718430692115,6.246766977588317,6.070716087770761,0.09999999999999998,0.09,0.010000000000000009,0.8999999999999999,0.0,efficientnet_b2,48,1.0,False,True
0.7974,0.112,0.888,0.112,2.3357303651445216,2.1005680940680937,2.72829880465409,1.8337209971691681,2.1186307466318075,2.1869643597553234,1.9719522272605623,2.1151152561755326,2.0189254374566876,2.305717360235393,1.6205847027329328,3.2041075234427097,1.7263636955346713,1.6773665172546752,1.6231708169782924,2.1044811269662973,0.6639786666666668,0.112,0.6854,0.14045648357160773,0.0,efficientnet_b2,48,0.0001,False,False
0.7956,0.104,0.896,0.104,2.595616066189243,2.341648700077272,2.7897851583851754,1.956639994038096,2.1548023991031964,2.2752849854304733,2.1569327320779044,2.262624809236187,2.1491600723319477,2.434563274516683,1.6814944933089244,3.1879873041749485,1.8346250951560275,1.7251493155966842,1.7011725101647464,2.216499127319168,0.6461546666666668,0.104,0.6916,0.13071895424836602,0.0,efficientnet_b2,48,1e-05,False,False
0.8017,0.12,0.88,0.12,2.4764843712295055,2.2720623077051654,2.7226537864634643,1.7908270023816926,2.181945718163275,2.1213099263820507,1.9350533158005185,2.2405066440398174,2.149704727564103,2.393902119106088,1.6290951287314968,3.2667980738862012,1.7276139462183324,1.704914120236489,1.6453246549613816,2.150546389524639,0.657376,0.12,0.6817,0.14968192590744667,0.0,efficientnet_b2,48,1e-06,False,False
0.7916,0.12,0.88,0.12,2.4352148045055317,2.231044824544825,2.6963071251577864,1.9054319050835502,2.1265293389634943,2.2417955764327155,2.103472699445276,2.228738534616146,2.1239244304400553,2.440578289355166,1.7025518414703875,3.3013709645364777,1.8424266168978238,1.7547257941863204,1.6686773235883081,2.186852671281591,0.651776,0.12,0.6716,0.15159171298635674,0.0,efficientnet_b2,48,1e-07,False,False
0.7416,0.1,0.9,0.1,2.6144021143786076,2.450511933369076,2.9016883020760953,2.1988807209709496,2.3099628012612228,2.4627938451386924,2.3499084731548727,2.524732882588896,2.352109429140679,2.854578786183618,2.0625024969212253,3.556551089531996,2.091773268773447,2.0834677478953796,1.9363615985968672,2.4500150326654415,0.6155759999999999,0.1,0.6416000000000001,0.1348435814455232,0.0,efficientnet_b2,48,0.1,False,False
0.7983,0.105,0.895,0.105,2.660679717771459,2.42700394843252,2.996521806926931,1.8521479188280594,2.1429784211294445,2.2338746105392113,1.9929891336082626,2.1732459327484737,2.0578251256063758,2.4033547709121477,1.6542981090720592,3.1788837329492488,1.7915251952408309,1.6750243584388322,1.6246716662680494,2.191001629898127,0.6502479999999999,0.105,0.6933,0.13152950018789927,0.0,efficientnet_b2,48,0.01,False,False
0.1,0.09,0.91,0.09,5.724274371402894,6.047004309075738,5.892096489722253,6.184294888876819,5.278943171637283,5.8496803483567295,5.654630044295829,6.492027029999927,6.087610446985448,6.391377561179115,6.560091288497908,6.137864275805019,5.725424275611475,6.786790788402631,6.246150411748431,6.070550646773166,0.10002133333333334,0.09,0.010000000000000009,0.8999999999999999,0.0,efficientnet_b2,48,10.0,False,True
0.1,0.09,0.91,0.09,5.724373381303884,6.0471709757424055,5.892260424148483,6.184660458833614,5.279120162787725,5.84984163867931,5.654968112477648,6.492027029999927,6.087610446985448,6.391377561179115,6.560091288497908,6.137864275805019,5.725424275611475,6.78718430692115,6.246766977588317,6.070716087770761,0.09999999999999998,0.09,0.010000000000000009,0.8999999999999999,0.0,efficientnet_b2,48,100.0,False,True
0.8337,0.139,0.861,0.139,1.700935770652967,1.5817565683994257,2.2371536554573175,1.667693240804931,1.704733458259226,2.1275102625928506,1.8545889509050766,1.8206014207575472,1.7188094139812893,2.0073895438470073,1.4097360236126761,2.821495957289591,1.5402505317889523,1.4467400766874452,1.3377423561577024,1.7984758154129339,0.710444,0.139,0.6947,0.16672664027827758,0.0,resnet18,64,0.0,True,False
0.1,0.103,0.897,0.103,5.724373381303884,6.0471709757424055,5.892260424148483,6.184660458833614,5.279120162787725,5.84984163867931,5.654968112477648,6.492027029999927,6.087610446985448,6.391377561179115,6.560091288497908,6.137864275805019,5.725424275611475,6.78718430692115,6.246766977588317,6.070716087770761,0.09999999999999998,0.103,-0.002999999999999989,1.0299999999999998,0.0,resnet18,64,1.0,False,True
0.8359,0.135,0.865,0.135,1.6682615400006604,1.5476765171765172,2.2353033262085256,1.682525489643839,1.7121108940755518,2.1540158557892153,1.8695913801047408,1.7639784562165985,1.6638164197851697,1.993635241318934,1.3808289273553407,2.8820443379665726,1.5518063684497985,1.431658060750166,1.350408287492321,1.7925107401555969,0.7108733333333334,0.135,0.7009,0.16150257207799978,0.0,resnet18,64,0.0001,False,False
0.8317,0.131,0.869,0.131,1.651368095867816,1.5555481693338835,2.1640679639196625,1.6554964485698558,1.7166530920031366,2.1191569442612694,1.866536673691958,1.7830305421725519,1.7474362006237005,2.052003866538983,1.4347322175209094,2.895424433862658,1.5706424897250357,1.4749950062121113,1.3727076757316978,1.803986654669015,0.7101693333333333,0.131,0.7007,0.15750871708548755,0.0,resnet18,64,1e-05,False,False
0.8372,0.117,0.883,0.117,1.6989338690194138,1.5964634046776904,2.2595916568451955,1.6109590049275166,1.6677377266769504,2.0878502123546143,1.8119288483996931,1.776757043696626,1.6788397760741511,1.9839009762742292,1.3871694795199567,2.7677595833942576,1.5287995257055695,1.414271704903284,1.3030094887378834,1.7715981534138023,0.7149733333333333,0.117,0.7202000000000001,0.13975155279503104,0.0,resnet18,64,1e-06,False,False
0.8316,0.121,0.879,0.121,1.732801455712225,1.6302963555106413,2.284837708754052,1.6937384792555878,1.7396867655482926,2.1098298487023657,1.8740455165109544,1.83248691011918,1.7412986832986832,2.0150307357296136,1.4382828298857306,2.819446473537979,1.5634131408233745,1.4606177114795538,1.3799445290920436,1.8210504762640185,0.707112,0.121,0.7106,0.1455026455026455,0.0,resnet18,64,1e-07,False,False
0.8215,0.135,0.865,0.135,1.6031680202211536,1.5406670247384535,2.076101918972542,1.7121657962334829,1.6639176382931034,2.1426785112653914,1.9057196836642216,1.8322220957253428,1.8159015722453227,2.034354757006008,1.517681284655752,2.716298099896513,1.6252858284257818,1.497652839363366,1.4024243839014807,1.8057492969738607,0.7116893333333333,0.135,0.6865,0.16433353621424224,0.0,resnet18,64,0.1,False,False
0.8339,0.125,0.875,0.125,1.7228417756434553,1.6107029103457677,2.3061789203178273,1.6487235763669499,1.6979195311519835,2.0825041875075003,1.8176854889724219,1.8354168442919145,1.6883709502772,1.9899198058197196,1.3940198484199307,2.8173623836921258,1.5375296957554045,1.4486689587215904,1.3417264248230842,1.7959714201404582,0.7111573333333333,0.125,0.7089,0.14989806931286725,0.0,resnet18,64,0.01,False,False
0.101,0.09,0.91,0.09,5.7180522560790195,6.040349856064143,5.886604350444961,6.1779732421166145,5.273965342666347,5.843310466234739,5.6485195529664365,6.490334113702973,6.087033523908525,6.3907775611791156,6.551799932774273,6.13560559284504,5.718860426506532,6.779730710322816,6.240258841101687,6.065545051260882,0.10075599999999998,0.09,0.01100000000000001,0.891089108910891,0.0,resnet18,64,10.0,False,True
0.1,0.09,0.91,0.09,5.724373381303884,6.0471709757424055,5.892260424148483,6.184660458833614,5.279120162787725,5.84984163867931,5.654968112477648,6.492027029999927,6.087610446985448,6.391377561179115,6.560091288497908,6.137864275805019,5.725424275611475,6.78718430692115,6.246766977588317,6.070716087770761,0.09999999999999998,0.09,0.010000000000000009,0.8999999999999999,0.0,resnet18,64,100.0,False,True
0.8493,0.115,0.885,0.115,2.7955109903175157,2.4258635817207246,2.634818554266155,1.6532036332494375,2.5194347702720603,1.9759465550493878,1.8421222944266025,2.0116621050384462,1.9675216887560638,1.801203315350166,1.3132775643513221,2.596632840059535,1.541604516928104,1.5706848852901483,1.3423383062038952,1.9994550400853042,0.6735946666666667,0.115,0.7343000000000001,0.13540562816437066,0.0,vgg11,64,0.0,True,False
0.1,0.103,0.897,0.103,5.724373381303884,6.0471709757424055,5.892260424148483,6.184660458833614,5.279120162787725,5.84984163867931,5.654968112477648,6.492027029999927,6.087610446985448,6.391377561179115,6.560091288497908,6.137864275805019,5.725424275611475,6.78718430692115,6.246766977588317,6.070716087770761,0.09999999999999998,0.103,-0.002999999999999989,1.0299999999999998,0.0,vgg11,64,1.0,False,True
0.8475,0.11,0.89,0.11,2.7759448861850125,2.384505880220166,2.6549805081950417,1.6410097407392161,2.482761490703181,1.9606676565127679,1.8058580081475128,1.9429954098539644,1.883408209892585,1.7866950642684896,1.3029855003051125,2.6218991022303273,1.5153301383547417,1.5194278725660304,1.3456226761772117,1.9749394762900905,0.6771946666666667,0.11,0.7375,0.12979351032448377,0.0,vgg11,64,0.0001,False,False
0.8519,0.117,0.883,0.117,2.790276935876453,2.431055938913082,2.7145906054096662,1.5796102146975723,2.4942830366372473,1.9152285848411974,1.7613668228349328,1.8981465487740192,1.879100387647263,1.7698009822791534,1.2770243431185717,2.6404227199916677,1.4851564973526108,1.4542554382751751,1.3300897208270615,1.9613605851650453,0.6787946666666668,0.117,0.7349,0.13734006338772156,0.0,vgg11,64,1e-05,False,False
0.8473,0.111,0.889,0.111,2.900141881099915,2.5157909831481255,2.6345075755541303,1.6392289641301432,2.6132091357092766,1.995372249378456,1.8517838723191367,2.0130468346040056,2.0045185810810815,1.8037190207549139,1.2969974047407122,2.718341091032003,1.5152680857767327,1.5553710397789344,1.347644251701159,2.026996064720582,0.6685146666666667,0.111,0.7363000000000001,0.13100436681222707,0.0,vgg11,64,1e-06,False,False
0.8573,0.117,0.883,0.117,2.744579314305944,2.3781162974734404,2.5896819252778243,1.6088099266704756,2.4802196712542655,1.9254068781709084,1.7978237598536553,1.9546450849953108,1.9327031574844078,1.7749409943522114,1.2654849292711297,2.669250615887663,1.5163121778019264,1.506969849838271,1.3458648466260548,1.9660539619508988,0.6786306666666666,0.117,0.7403,0.13647497958707572,0.0,vgg11,64,1e-07,False,False
0.1,0.102,0.898,0.102,5.724373381303884,6.0471709757424055,5.892260424148483,6.184660458833614,5.279120162787725,5.84984163867931,5.654968112477648,6.492027029999927,6.087610446985448,6.391377561179115,6.560091288497908,6.137864275805019,5.725424275611475,6.78718430692115,6.246766977588317,6.070716087770761,0.09999999999999998,0.102,-0.001999999999999988,1.0199999999999998,0.0,vgg11,64,0.1,False,True
0.1,0.102,0.898,0.102,5.724373381303884,6.0471709757424055,5.892260424148483,6.184660458833614,5.279120162787725,5.84984163867931,5.654968112477648,6.492027029999927,6.087610446985448,6.391377561179115,6.560091288497908,6.137864275805019,5.725424275611475,6.78718430692115,6.246766977588317,6.070716087770761,0.09999999999999998,0.102,-0.001999999999999988,1.0199999999999998,0.0,vgg11,64,0.01,False,True
0.1,0.103,0.897,0.103,5.724373381303884,6.0471709757424055,5.892260424148483,6.184660458833614,5.279120162787725,5.84984163867931,5.654968112477648,6.492027029999927,6.087610446985448,6.391377561179115,6.560091288497908,6.137864275805019,5.725424275611475,6.78718430692115,6.246766977588317,6.070716087770761,0.09999999999999998,0.103,-0.002999999999999989,1.0299999999999998,0.0,vgg11,64,10.0,False,True
0.1,0.102,0.898,0.102,5.724373381303884,6.0471709757424055,5.892260424148483,6.184660458833614,5.279120162787725,5.84984163867931,5.654968112477648,6.492027029999927,6.087610446985448,6.391377561179115,6.560091288497908,6.137864275805019,5.725424275611475,6.78718430692115,6.246766977588317,6.070716087770761,0.09999999999999998,0.102,-0.001999999999999988,1.0199999999999998,0.0,vgg11,64,100.0,False,True
